
[
	{
		"id" : "1",
		"nombre" : "Psicosis",
		"fecha" : "1960",
		"director" : "Alfred Hitchcock",
		"rating" : "8",
		"genero" : "Terror",
		"imagen" : "http://cristhian.rayunmapu.cl/imagenes/1.jpg"
	},
	{
		"id" : "2",
		"nombre" : "Alien, el octavo pasajero",
		"fecha" : "1979",
		"director" : "Ridley Scott",
		"rating" : "8",
		"genero" : "Terror",
		"imagen" : "http://cristhian.rayunmapu.cl/imagenes/2.jpg"
	},
	{
		"id" : "3",
		"nombre" : "Tumbbad",
		"fecha" : "2018",
		"director" : "Rahi Anil Barve",
		"rating" : "8",
		"genero" : "Terror",
		"imagen" : "http://cristhian.rayunmapu.cl/imagenes/3.jpg"
	},
	{
		"id" : "4",
		"nombre" : "I saw the devil",
		"fecha" : "2010",
		"director" : "Jee-woon Kim",
		"rating" : "7",
		"genero" : "Terror",
		"imagen" : "http://cristhian.rayunmapu.cl/imagenes/4.jpg"
	},
	{
		"id" : "5",
		"nombre" : "Get Out",
		"fecha" : "2017",
		"director" : "Jordan Peele ",
		"rating" : "7",
		"genero" : "Terror",
		"imagen" : "http://cristhian.rayunmapu.cl/imagenes/5.jpg"
	},
	{
	
		"id" : "6",
		"nombre" : "A nightmare on elm street",
		"fecha" : "1984",
		"director" : "Wes Craven",
		"rating" : "7",
		"genero" : "Terror",
		"imagen" : "http://cristhian.rayunmapu.cl/imagenes/6.jpg"
	},
	{
		"id" : "7",
		"nombre" : "Texas Chainsaw Massacre",
		"fecha" : "1974",
		"director" : "Tobe Hooper",
		"rating" : "7",
		"genero" : "Terror",
		"imagen" : "http://cristhian.rayunmapu.cl/imagenes/7.jpg"
	},
	{
		"id" : "8",
		"nombre" : "EraserHead",
		"fecha" : "1977",
		"director" : "David Lynch",
		"rating" : "7",
		"genero" : "Terror",
		"imagen" : "http://cristhian.rayunmapu.cl/imagenes/8.jpg"
	},
	{
		"id" : "9",
		"nombre" : "Hereditary",
		"fecha" : "2018",
		"director" : "Ari Aster",
		"rating" : "7",
		"genero" : "Terror",
		"imagen" : "http://cristhian.rayunmapu.cl/imagenes/9.jpg"
	},
	{
		"id" : "10",
		"nombre" : "Midsommar",
		"fecha" : "2019",
		"director" : "Ari Aster",
		"rating" : "6",
		"genero" : "Terror",
		"imagen" : "http://cristhian.rayunmapu.cl/imagenes/10.jpg"
	},
	{
		"id" : "11",
		"nombre" : "El Grinch",
		"fecha" : "2000",
		"director" : "Ron Howard",
		"rating" : "6",
		"genero" : "Comedia",
		"imagen" : "http://cristhian.rayunmapu.cl/imagenes/11.jpg"
	},
	{
		"id" : "12",
		"nombre" : "Mean Girls", 
		"fecha" : "2003",
		"director" : "Mark Waters",
		"rating" : "8",
		"genero" : "Comedia",
		"imagen" : "http://cristhian.rayunmapu.cl/imagenes/12.jpg"
	},
	{
		"id" : "13",
		"nombre" : "Bride Wars", 
		"fecha" : "2009",
		"director" : "JGary Winick",
		"rating" : "5",
		"genero" : "Comedia",
		"imagen" : "http://cristhian.rayunmapu.cl/imagenes/13.jpg"
	},
	{
		"id" : "14",
		"nombre" : "Miss Congeniality", 
		"fecha" : "2000",
		"director" : "Donald Petrie",
		"rating" : "6",
		"genero" : "Comedia",
		"imagen" : "http://cristhian.rayunmapu.cl/imagenes/14.jpg"
	},
	{
		"id" : "15",
		"nombre" : "Toy Story", 
		"fecha" : "1995",
		"director" : "John Lasseter",
		"rating" : "8",
		"genero" : "Comedia",
		"imagen" : "http://cristhian.rayunmapu.cl/imagenes/15.jpg"
	},
	{
		"id" : "16",
		"nombre" : "The Grand Budapest Hotel", 
		"fecha" : "2014",
		"director" : "Wes Anderson",
		"rating" : "8",
		"genero" : "Comedia",
		"imagen" : "http://cristhian.rayunmapu.cl/imagenes/16.jpg"
	},
	{
		"id" : "17",
		"nombre" : "The Truman Show", 
		"fecha" : "1998",
		"director" : "Peter Weir",
		"rating" : "8",
		"genero" : "Comedia",
		"imagen" : "http://cristhian.rayunmapu.cl/imagenes/17.jpg"
	},
	{
		"id" : "18", 
		"nombre" : "Easy A", 
		"fecha" : "2010",
		"director" : "Will Gluck",
		"rating" : "7",
		"genero" : "Comedia",
		"imagen" : "http://cristhian.rayunmapu.cl/imagenes/18.jpg"
	},
	{
		"id" : "19",
		"nombre" : "Jojo Rabbit", 
		"fecha" : "2019",
		"director" : "Taika Waititi",
		"rating" : "8",
		"genero" : "Comedia",
		"imagen" : "http://cristhian.rayunmapu.cl/imagenes/19.jpg"
	},
	{
		"id" : "20",
		"nombre" : "Shrek", 
		"fecha" : "2001",
		"director" : "Andrew Adamson",
		"rating" : "8",
		"genero" : "Comedia",
		"imagen" : "http://cristhian.rayunmapu.cl/imagenes/20.jpg"
	},
	{
		"id" : "21",
		"nombre" : "Parasite", 
		"fecha" : "2019",
		"director" : "Bong Joon Ho",
		"rating" : "9",
		"genero" : "Drama",
		"imagen" : "http://cristhian.rayunmapu.cl/imagenes/21.jpg"
	},
	{
		"id" : "22",
		"nombre" : "Gone Girl", 
		"fecha" : "2014",
		"director" : "David Fincher",
		"rating" : "8",
		"genero" : "Drama",
		"imagen" : "http://cristhian.rayunmapu.cl/imagenes/22.jpg"
	},
	{
		"id" : "23",
		"nombre" : "Portrait de la jeune fille en feu", 
		"fecha" : "2019",
		"director" : "Céline Sciamma",
		"rating" : "8",
		"genero" : "Drama",
		"imagen" : "http://cristhian.rayunmapu.cl/imagenes/23.jpg"
	},
	{
		"id" : "24",
		"nombre" : "Arrival", 
		"fecha" : "2016",
		"director" : "David Villeneuve",
		"rating" : "8",
		"genero" : "Drama",
		"imagen" : "http://cristhian.rayunmapu.cl/imagenes/24.jpg"
	},
	{
		"id" : "25",
		"nombre" : "The Danish Girl", 
		"fecha" : "2015",
		"director" : "Tom Hooper",
		"rating" : "7",
		"genero" : "Drama",
		"imagen" : "http://cristhian.rayunmapu.cl/imagenes/25.jpg"
	},
	{
		"id" : "26",
		"nombre" : "Laurance Anyways", 
		"fecha" : "2012",
		"director" : "Xavier Dolan",
		"rating" : "7",
		"genero" : "Drama",
		"imagen" : "http://cristhian.rayunmapu.cl/imagenes/26.jpg"
	},
	{
		"id" : "27",
		"nombre" : "The Room", 
		"fecha" : "2015",
		"director" : "Lenny Abrahamson",
		"rating" : "8",
		"genero" : "Drama",
		"imagen" : "http://cristhian.rayunmapu.cl/imagenes/27.jpg"
	},
	{
		"id" : "28", 
		"nombre" : "Lady Bird", 
		"fecha" : "2017",
		"director" : "Greta Gerwig",
		"rating" : "7",
		"genero" : "Drama",
		"imagen" : "http://cristhian.rayunmapu.cl/imagenes/28.jpg"
	},
	{
		"id" : "29",
		"nombre" : "Edward Scissorhands", 
		"fecha" : "1990",
		"director" : "Tim Burton",
		"rating" : "8",
		"genero" : "Drama",
		"imagen" : "http://cristhian.rayunmapu.cl/imagenes/29.jpg"
	},
	{
		"id" : "30",
		"nombre" : "Becoming Jane", 
		"fecha" : "2007",
		"director" : "Julian Jarrold",
		"rating" : "7",
		"genero" : "Drama",
		"imagen" : "http://cristhian.rayunmapu.cl/imagenes/30.jpg"
	},
	{
		"id" : "31",
		"nombre" : "Inception", 
		"fecha" : "2010",
		"director" : "Chistopher Nolan",
		"rating" : "9",
		"genero" : "Acción",
		"imagen" : "http://cristhian.rayunmapu.cl/imagenes/31.jpg"
	},
	{
		"id" : "32",
		"nombre" : "Matrix", 
		"fecha" : "1999",
		"director" : "Lana & Lily Wachowski",
		"rating" : "9",
		"genero" : "Acción",
		"imagen" : "http://cristhian.rayunmapu.cl/imagenes/32.jpg"
	},
	{
		"id" : "33",
		"nombre" : "Predator", 
		"fecha" : "1987",
		"director" : "John McTiernan",
		"rating" : "8",
		"genero" : "Acción",
		"imagen" : "http://cristhian.rayunmapu.cl/imagenes/33.jpg"
	},
	{
		"id" : "34",
		"nombre" : "Kill Bill: Volume 1", 
		"fecha" : "2003",
		"director" : "Quentin Tarantino",
		"rating" : "8",
		"genero" : "Acción",
		"imagen" : "http://cristhian.rayunmapu.cl/imagenes/34.jpg"
	},
	{
		"id" : "35",
		"nombre" : "Mad Max", 
		"fecha" : "2015",
		"director" : "George Miller",
		"rating" : "8",
		"genero" : "Acción",
		"imagen" : "http://cristhian.rayunmapu.cl/imagenes/35.jpg"
	},
	{
		"id" : "36",
		"nombre" : "Lucy", 
		"fecha" : "2014",
		"director" : "Luc Besson",
		"rating" : "6",
		"genero" : "Acción",
		"imagen" : "http://cristhian.rayunmapu.cl/imagenes/36.jpg"
	},
	{
		"id" : "37",
		"nombre" : "The Hunger Games", 
		"fecha" : "2012",
		"director" : "Gary Ross",
		"rating" : "7",
		"genero" : "Acción",
		"imagen" : "http://cristhian.rayunmapu.cl/imagenes/37.jpg"
	},
	{
		"id" : "38", 
		"nombre" : "Jurassic Park", 
		"fecha" : "1993",
		"director" : "Stephen Spielberg",
		"rating" : "8",
		"genero" : "Acción",
		"imagen" : "http://cristhian.rayunmapu.cl/imagenes/38.jpg"
	},
	{
		"id" : "39",
		"nombre" : "Harry Potter and the Sorcerer's Stone", 
		"fecha" : "2001",
		"director" : "Chris Columbus",
		"rating" : "7",
		"genero" : "Acción",
		"imagen" : "http://cristhian.rayunmapu.cl/imagenes/39.jpg"
	},
	{
		"id" : "40",
		"nombre" : "The Dark Knight", 
		"fecha" : "2008",
		"director" : "Christopher Nolan",
		"rating" : "9",
		"genero" : "Acción",
		"imagen" : "http://cristhian.rayunmapu.cl/imagenes/40.jpg"
	}
	
]
